Índice,Nº PAE,SISTEMA PAE,ANO,Nº,Origem,CLIENTE,Urgência,Andamento,SETOR ATUAL,DATA ULTIMA TRAMITAÇÃO,MÊS ÚLTIMA TRAMITAÇÃO,ANO ÚLTIMA TRAMITAÇÃO,CONTRATO,Instrumento Contratual,Regra (+1 dia),Vigência (meses),Data Assinatura Original,Vigência Início,Vigência Término,Status contratual,SERVIÇO,HISTÓRICO,Analista,VALOR GLOBAL,Lei de licitação,contMesesContrato,Vencimento em dias,Prazo Renovação (meses),Pode ser renovado?,Proposta Comercial Atual,TDESK INDEXA
1,E-2024/2089227,PAE 4,2024,2089227,Interna,SEEL,Sim,Em análise comercial,DCO,15/04/2024,abril,2024,CT 002/2024,NOVO,TRUE,12,09/04/2024,09/04/2024,09/04/2025,vigente,CONTAS DE E-MAIL,Contrato não foi faturado,Regina,"R$ 2.956,20",8666,12,32,60,pode renovar,072/2024,2024013091
2,2020/1067119,PAE 3,2020,1067119,Interna,TJE,Não,Para execução,DNN,13/12/2024,dezembro,2024,040/2020,1TAC,FALSE,12,01/12/2020,02/12/2024,01/12/2025,vigente,IMPLANTAÇÕES / UPGRADE,Contrato com vigência de 4 anos. Não houveram aditivos nesse período.,Jesus,"R$ 3.404.914,16",8666,60,268,60,não pode renovar,281/2024,2024043851
3,2020/230600,PAE 3,2020,230600,Interna,CCG,Não,Para execução,DNN,22/05/2024,maio,2024,CT 007/2020,4TAC,TRUE,12,11/03/2020,11/03/2024,11/03/2025,vigente,LICENÇA DE USO WEBSITE,,Rocivaldo,"R$ 3.658,92",8666,60,3,60,não pode renovar,088/2024,2024018684
4,2020/321489,PAE 3,2020,321489,Interna,CINBESA,Não,Para execução,DNN,24/05/2024,maio,2024,CT025/2020,4TAC,FALSE,12,01/06/2020,01/06/2024,31/05/2025,vigente,MANUTENÇÃO REDE METRO,,Juliana,"R$ 641.562,24",8666,59,84,60,pode renovar,138/2024,
5,2020/543405,PAE 3,2020,543405,Interna,PREF PRIMAVERA,Não,Para execução,DNN,22/05/2024,maio,2024,CT 2905014/2020,4TAC,FALSE,12,01/06/2020,01/06/2024,31/05/2025,vigente,Licença de uso de sistema - ID CIVIL,,Regina,"R$ 5.399,25",8666,59,84,60,pode renovar,106/2024,
6,2020/649411,PAE 3,2020,649411,Interna,ARCON,Não,Arquivado,DCO,20/05/2024,maio,2024,CT 10/2020,3TAC,TRUE,12,28/08/2020,28/08/2023,28/08/2024,vencido,SISTEMA SIGA,Cliente não irá renovar o contrato que irá passar para responsabilidade do cliente ARTRAN,Rocivaldo,"R$ 138.885,59",8666,48,vencido,60,pode renovar,144/2024,
7,2021/1452623,PAE 3,2021,1452623,Interna,TRE,Não,Para execução,DNN,24/07/2024,julho,2024,127/2021,6TAC,TRUE,12,21/12/2021,21/12/2024,21/12/2025,vigente,SERVIÇO TIC,,Jesus,"1.735.475,65",8666,48,288,60,pode renovar,321/2024,2024044978
8,2021/309517,PAE 3,2021,309517,Interna,FCP,Não,Para execução,DNN,29/05/2024,maio,2024,CT 100/2021,4TAC,TRUE,12,22/03/2021,22/03/2024,22/03/2025,vigente,SERVIÇO TIC,Houve demora no retorno do contrato ao cliente. Após inúmeras cobranças houve retorno do aditivo assinado em 28/05/2024,Jesus," R$ 268.611,00",8666,48,14,60,pode renovar,066/2024,2024019755
9,2021/338502,PAE 3,2021,338502,Interna,SECOM,Não,Para execução,DNN,23/05/2024,maio,2024,CT 010/2021,5TAC,TRUE,12,,,informar data inicial,vigente,SERVIÇO TIC,Correção do cadastro do 4º e 5º TAC,Rocivaldo,,8666,data inicial não fornecida!,Informar última data de vigência,60,informar data de assinatura original,109/2024,
10,2021/342825,PAE 3,2021,342825,Interna,CMB,Não,Para execução,DNN,16/05/2024,maio,2024,CT 041/2021,3TAC,TRUE,12,02/04/2021,03/04/2024,03/04/2025,vigente,SERVIÇO TIC,,Pedro Paulo,"R$ 384.819,00",8666,48,26,60,pode renovar,087/2024,2024017830
11,2021/527925,PAE 3,2021,527925,Interna,PGE,Não,Para execução,DNN,21/05/2024,maio,2024,CT 006/2021,3TAC,TRUE,12,,,informar data inicial,vigente,SERVIÇO TIC,,Rocivaldo,,8666,data inicial não fornecida!,Informar última data de vigência,60,informar data de assinatura original,,
12,2022/784306,PAE 3,2022,784306,Interna,SEPLAD,Não,Para execução,DNN,07/06/2024,junho,2024,CT 025/2022,2TAC,TRUE,12,,,informar data inicial,vigente,SERVIÇO TIC,PRORROGAÇÃO,Rocivaldo,,8666,data inicial não fornecida!,Informar última data de vigência,60,informar data de assinatura original,,
13,2021/536282,PAE 3,2021,536282,Interna,CPH,Não,Para execução,DNN,24/07/2024,julho,2024,CT 006/2020,4º TAC,TRUE,12,,,informar data inicial,vigente,SERVIÇO TIC,Tramitado em 27/08 para DNN para verificar quais atualizações necessárias,Pedro Paulo,,8666,data inicial não fornecida!,Informar última data de vigência,60,informar data de assinatura original,099/2024,
14,2021/540671,PAE 3,2021,540671,Interna,NGTM,Não,Para execução,DNN,29/05/2024,maio,2024,CT 005/2021,3TAC,TRUE,12,,,informar data inicial,vigente,SERVIÇO TIC,Cliente enviou em 28/05/2024 o contrato assinado/ Aditivo está processo de cadastro no sistema e será despachado para DNN/ Despachado para a DNN para execução,Rocivaldo,,8666,data inicial não fornecida!,Informar última data de vigência,60,informar data de assinatura original,080/2024,
15,2021/541236,PAE 3,2021,541236,Interna,EGPA,Não,Para execução,DNN,29/05/2024,maio,2024,021/2021,3TAC,TRUE,12,,,informar data inicial,vigente,SERVIÇO TIC,,Rocivaldo,,8666,data inicial não fornecida!,Informar última data de vigência,60,informar data de assinatura original,102/2024,
16,2021/551175,PAE 3,2021,551175,Interna,FUNTELPA,Não,Para execução,DNN,28/05/2024,maio,2024,014/2021,4TAC,TRUE,12,,,informar data inicial,vigente,MICROFILMAGEM E DIGITALIZAÇÃO,,Pedro Paulo,,8666,data inicial não fornecida!,Informar última data de vigência,60,informar data de assinatura original,,
17,2021/559638,PAE 3,2021,559638,Interna,JUCEPA,Não,Para execução,DNN,07/06/2024,junho,2024,CT 025/2021,5TAC,TRUE,12,,,informar data inicial,vigente,SERVIÇO DE TIC,,Juliana,,8666,data inicial não fornecida!,Informar última data de vigência,60,informar data de assinatura original,148/2024,
18,2021/613333,PAE 3,2021,613333,Interna,DEFPUB,Não,Para execução,DNN,17/07/2024,julho,2024,032/2021,3º TAC,TRUE,12,,,informar data inicial,vigente,Licença de uso de sistema - ID CIVIL,,Juliana,,8666,data inicial não fornecida!,Informar última data de vigência,60,informar data de assinatura original,122/2024,
19,2021/665828,PAE 3,2021,665828,Interna,SEDAP,Não,Para execução,DNN,28/06/2024,junho,2024,CT 083/2021,3º TAC,TRUE,12,,,informar data inicial,vigente,SERVIÇO DE TIC,"Aumento de banda e redução de 2 licenças de uso de sistemas globais/ Cliente solicitou que não fosse faturada a unidade de Redenção, pois esta não está em utilização devido a problemas no prédio, contudo o cliente não deseja retirar a unidade do contrato.",Juliana,,8666,data inicial não fornecida!,Informar última data de vigência,60,informar data de assinatura original,121/2024,
20,2021/705545,PAE 3,2021,705545,Interna,HOL,Não,Enviado ao cliente para assinatura,CLIENTE,09/07/2024,julho,2024,071/52021,3º TAC,TRUE,12,,,informar data inicial,vigente,MICROFILMAGEM E DIGITALIZAÇÃO,,Juliana,,8666,data inicial não fornecida!,Informar última data de vigência,60,informar data de assinatura original,149/2024,
21,2021/763033,PAE 3,2021,763033,Interna,PREF ELDORADO DE CARAJÁS,Não,Para execução,DNN,12/06/2024,junho,2024,CT 159/2021,3TAC,TRUE,12,,,informar data inicial,vigente,Licença de uso de sistema - ID CIVIL,Atualmente na GNE para tramitação ,Regina,,8666,data inicial não fornecida!,Informar última data de vigência,60,informar data de assinatura original,142/2024,
22,2021/776886,PAE 3,2021,776886,Interna,DEFPUB,Não,Para execução,DNN,16/07/2024,julho,2024,CT 040/2021,4TAC,TRUE,12,14/07/2021,,informar data inicial,vigente,SERVIÇO TIC,Solicitação de faturamento do remanejamento da unidade de Mosqueiro / DNN recusou em 27/05/2024/ Encaminhado para decisão DRI em 27/05/2024. DRI autorizou execução. Encaminhada OS e orçamento assinado para DNN em 29/05/2024. Retornou à DCO para outras providências quanto a remanejamento da unidade de Santa Isabel a ser solicitado pelo cliente. 10/06/2024 - Aberto chamado Zabbix da und de Sta Isabel visando verificação da utilização,Juliana,,8666,data inicial não fornecida!,Informar última data de vigência,60,não pode renovar,151/2024,2024016893
23,2022/1110941,PAE 3,2022,1110941,Interna,MPPA,Não,Para execução,DNN,24/05/2024,maio,2024,CT 150/2022,5TAC,FALSE,12,,15/09/2024,14/09/2025,vigente,SERVIÇO TIC,"ICOARACI, MARITUBA, TAMANDARÉ (BELÉM)",Jesus,,8666,1508,190,60,informar data de assinatura original,169/2024,
24,2022/286553,PAE 3,2022,286553,Interna,PREF CURRALINHO,Não,Para execução,DNN,07/06/2024,junho,2024,CT 016/20222,2TAC,TRUE,12,,,informar data inicial,vigente,Licença de uso de sistema - ID CIVIL,Houve demorar da assinatura do E-CNPJ da DOF e o processo ficou parado. Atualmente aguardando retorno do cliente,Regina,,8666,data inicial não fornecida!,Informar última data de vigência,60,informar data de assinatura original,,
25,2022/394208,PAE 3,2022,394208,Interna,IASEP,Não,Para execução,DNN,24/06/2024,junho,2024,CT 003/2022,2TAC / 1APOSTILAMENTO,TRUE,12,,,informar data inicial,vigente,SERVIÇO TIC,Assinado,Juliana,,8666,data inicial não fornecida!,Informar última data de vigência,60,informar data de assinatura original,40/2024,
26,2022/607532,PAE 3,2022,607532,Interna,SECOM,Não,Em tramitação interna,GABINETE,27/05/2024,maio,2024,005/2022,3TAC,TRUE,12,,,informar data inicial,Em processo de renovação,MICROFILMAGEM E DIGITALIZAÇÃO,,Pedro Paulo,,8666,data inicial não fornecida!,Informar última data de vigência,60,informar data de assinatura original,036/2024,
27,2022/676461,PAE 3,2022,676461,Interna,CCG,Não,Para execução,DNN,22/05/2024,maio,2024,CT 018/2022,2TAC,TRUE,12,,,informar data inicial,vigente,MANUTEÇÃO E SUPORTE WEBSITE,,Rocivaldo,,8666,data inicial não fornecida!,Informar última data de vigência,60,informar data de assinatura original,112/2024,
28,2022/684660,PAE 3,2022,684660,Interna,CASF,Não,Arquivado,DCO,23/05/2024,maio,2024,CT 3122273/2022,2TAC,TRUE,12,,,informar data inicial,vigente,IMPRESSÃO E ENVELOPAMENTO,"Cliente informou que não será renovado por não haver interesse em renovar somente o serviço de impressão, pois a PRODEPA não poderá mais fornecer o envelopamento conforme informação da DPR",Regina,,8666,data inicial não fornecida!,Informar última data de vigência,60,informar data de assinatura original,117/2024,
29,2022/808564,PAE 3,2022,808564,Interna,SEASTER,Não,Em tramitação interna,GNE,28/06/2024,junho,2024,CT 055/2022,3TAC,TRUE,12,,,informar data inicial,Em processo de renovação,SERVIÇO DE TIC,,Juliana,,8666,data inicial não fornecida!,Informar última data de vigência,60,informar data de assinatura original,150/2024,
30,2022/877596,PAE 3,2022,877596,Interna,PREF CAMETÁ,Não,Para execução,CLIENTE,10/09/2024,setembro,2024,034/2022,2TAC,TRUE,12,,04/07/2024,04/07/2025,vigente,MICROFILMAGEM E DIGITALIZAÇÃO,Cliente solicitou em 03/09/2024 que o aditivo fosse reassinado,Regina,,8666,1506,118,60,informar data de assinatura original,141/2024,
31,2022/978867,PAE 3,2022,978867,Interna,SEEL,Não,Para execução,DNN,28/08/2024,agosto,2024,CT 080/2022,2TAC,TRUE,12,10/08/2022,15/08/2024,15/08/2025,vigente,SERVIÇO DE TIC,,Regina,,8666,36,160,60,pode renovar,188/2024,
32,2023/1432698,PAE 3,2023,1432698,Externa,PC,Não,Em tramitação interna,DSR,23/05/2024,maio,2024,NÃO SE APLICA,NÃO SE APLICA,TRUE,12,,,informar data inicial,Em processo de renovação,TIC / DATACENTER,DATACENTER / UPGRADE,Pedro Paulo,,8666,data inicial não fornecida!,Informar última data de vigência,60,informar data de assinatura original,,
33,E-2023/2198132,PAE 4,2023,2198132,Interna,GASPARÁ,Não,Para execução,DNN,27/08/2024,agosto,2024,CT 014/2023,2TAC,TRUE,12,22/08/2023,,informar data inicial,vigente,SERVIÇO DE TIC / IP NAT,,Juliana,,8666,data inicial não fornecida!,Informar última data de vigência,60,não pode renovar,083/2024,
34,E-2023/2326004,PAE 4,2023,2326004,Interna,PM BAGRE,Não,Serviços suspensos,DNN,22/08/2024,agosto,2024,S/N,NOVO,TRUE,12,,,informar data inicial,vigente,Licença de uso de sistema - ID CIVIL,"Iniciado em 2023 ocorreram diversos problemas no processo: objeto contrário a proposta, além de ajuste de cláusulas contratuais sugeridas pela AJU/PRODEPA e o ACT perdeu a validade, assim o clliente perdeu prazo de assinatura e fará novo contrato com data de 2024.",Regina,,8666,data inicial não fornecida!,Informar última data de vigência,60,informar data de assinatura original,144/2024,
35,E-2023/2335410,PAE 4,2023,2335410,Interna,PREF GARRAFÃO DO NORTE,Não,Aguardando correção do contrato pelo cliente,CLIENTE,12/6/2024,junho,2024,CT 210/2023,NOVO,TRUE,12,,,informar data inicial,vigente,Licença de uso de sistema - ID CIVIL,"Houve retorno da AJU solicitando ajustes na minuta com relação a inclusão da cláusula de reajuste, contudo não houve retorno do cliente e o contrato não foi efetivado. Sugerimos renegociação com arquivamento do atual processo.",Regina,,8666,data inicial não fornecida!,Informar última data de vigência,60,informar data de assinatura original,210/2023,
36,2023/354148,PAE 3,2023,354148,Interna,IGEPREV,Não,Para execução,DCO,18/04/2024,abril,2024,CT 013/2023,1TAC,TRUE,12,,,informar data inicial,vigente,BI WEB,,Juliana,,8666,data inicial não fornecida!,Informar última data de vigência,60,informar data de assinatura original,,
37,2023/528681,PAE 3,2023,528681,Interna,SEMAD SÃO MIGUEL DO GUAMÁ,Não,Para execução,DNN,22/05/2024,maio,2024,CT 2137/2023,NOVO,TRUE,12,,,informar data inicial,vigente,Licença de uso de sistema - ID CIVIL,,Regina,,8666,data inicial não fornecida!,Informar última data de vigência,60,informar data de assinatura original,,
38,2023/599470,PAE 3,2023,599470,Interna,SEMAD MARITUBA,Não,Para execução,DNN,22/05/2024,maio,2024,CT 006/2023,1TAC,TRUE,12,,,informar data inicial,vigente,Licença de uso de sistema - ID CIVIL,,Regina,,8666,data inicial não fornecida!,Informar última data de vigência,60,informar data de assinatura original,097/2024,
39,2023/600577,PAE 3,2023,600577,Interna,IDEFLOR-BIO,Não,Para execução,DNN,10/06/2024,junho,2024,006/2023,1TAC,TRUE,12,,,informar data inicial,vigente,SERVIÇO TIC,Atualmente na GNE para tramitação ,Regina,,8666,data inicial não fornecida!,Informar última data de vigência,60,informar data de assinatura original,,
40,2023/605523,PAE 3,2023,605523,Interna,SEAP,Não,Para execução,DNN,21/05/2024,maio,2024,CT 041/2023,1TAC,TRUE,12,,,informar data inicial,vigente,SERVIÇO TIC,,Pedro Paulo,,8666,data inicial não fornecida!,Informar última data de vigência,60,informar data de assinatura original,,
41,2024/181656,PAE 3,2024,181656,Externa,PC,Não,Para execução,DNN,24/05/2024,maio,2024,CT 117/2021,2TAC,TRUE,12,,,informar data inicial,vigente,SERVIÇO TIC,DECC,Pedro Paulo,,8666,data inicial não fornecida!,Informar última data de vigência,60,informar data de assinatura original,Incluir em proposta de aditivo,
42,E-2024/2006702,PAE 4,2024,2006702,Interna,SEAC,Não,Para execução,DNN,24/06/2024,junho,2024,CT 001/2024,NOVO,TRUE,12,,,informar data inicial,vigente,DESENVOLVIMENTO DE SITE,,Pedro Paulo,,8666,data inicial não fornecida!,Informar última data de vigência,60,informar data de assinatura original,,
43,E-2024/2007116,PAE 4,2024,2007116,Interna,BANPARÁ,Não,Para execução,DNN,14/02/2024,fevereiro,2024,CT 163/2023,1TAC,FALSE,12,19/12/2023,19/12/2024,18/12/2025,vigente,SERVIÇO TIC,,Juliana,"R$ 8.873.288,04",8666,23,285,60,pode renovar,343/2024,2025004638
44,E-2024/2011031,PAE 4,2024,2011031,Interna,CM ÓBIDOS,Não,Para execução,DNN,09/08/2024,agosto,2024,9005/2024,NOVO,TRUE,12,,,informar data inicial,vigente,Licença de uso de sistema - ID CIVIL,Enviado em 29/02/2024 para assinatura do cliente. Demora no retorno do cliente. Cliente mudou a modalidade licitatória e pediu para o contrato ser assindado novamente na modalide de dispensa em 29/05/2024 e encaminhou a publicação/ Na GNE em 29/05/2024 para despacho para análise da AJUR referente a mudança na modalidade licitatória/ Retornou assinado pelo cliente dia 07/08/2024,Regina,,8666,data inicial não fornecida!,Informar última data de vigência,60,informar data de assinatura original,,2024029510
45,E-2024/2143528,PAE 4,2024,2143528,Interna,ARTRAN,Não,Para execução,DNN,22/05/2024,maio,2024,CT 008/2024,NOVO,TRUE,12,,,informar data inicial,vigente,SERVIÇO TIC,Não existe o setor DNN no sistema do PAE 4 inviabilizando tramitação para execução,Rocivaldo,,8666,data inicial não fornecida!,Informar última data de vigência,60,informar data de assinatura original,,
46,E-2024/2174396,PAE 4,2024,2174396,Interna,IASEP,Não,Em tramitação interna,DRI,30/12/2024,dezembro,2024,CT 013/2023,1TAC,TRUE,12,,24/10/2024,24/10/2025,Em processo de renovação,SERVIÇO DE MANUTENÇÃO SISTEMA ESAUDE,Cliente solicitou prorrogação no 1º TAC e posterior reajuste em novo aditivo,Juliana,,8666,1509,230,60,informar data de assinatura original,,
47,E-2024/2183855,PAE 4,2024,2183855,Interna,PREF TOMÉ AÇU,Não,Para execução,DNN,29/05/2024,maio,2024,CT 008/2024,NOVO,TRUE,12,,,informar data inicial,vigente,Licença de uso de sistema - ID CIVIL,Não existe o setor DNN no sistema do PAE 4 inviabilizando tramitação para execução,Regina,,8666,data inicial não fornecida!,Informar última data de vigência,60,informar data de assinatura original,,
48,E-2024/2199187,PAE 4,2024,2199187,Interna,PREF MUNICIPAL DE TUCURUÍ,Não,Para execução,DNN,29/05/2024,maio,2024,CT 240/2024,NOVO,TRUE,12,,,informar data inicial,vigente,CONTAS DE E-MAIL,Atualmente na GNE para tramitação ,Alvaro,,8666,data inicial não fornecida!,Informar última data de vigência,60,informar data de assinatura original,155/2024,
49,E-2024/2219288,PAE 4,2024,2219288,Interna,PREF BELTERRA,Não,Para execução,DNN,24/06/2024,junho,2024,CT 025/2024,NOVO,TRUE,12,,,informar data inicial,vigente,Licença de uso de sistema - ID CIVIL,,Alvaro,,8666,data inicial não fornecida!,Informar última data de vigência,60,informar data de assinatura original,,
50,E-2024/2233127,PAE 4,2024,2233127,Interna,CM MARITUBA,Não,Para execução,DNN,26/08/2024,agosto,2024,CT 001/2024,NOVO,TRUE,12,,,informar data inicial,vigente,Licença de uso de sistema - ID CIVIL,Anexada proposta comercial por solicitação da AJU,Alvaro,,8666,data inicial não fornecida!,Informar última data de vigência,60,informar data de assinatura original,160/2024,
51,E-2024/2239144,PAE 4,2024,2239144,Interna,SEMAS,Não,Para execução,DNN,18/09/2024,setembro,2024,CT 034/2024,NOVO,TRUE,12,,,informar data inicial,vigente,SERVIÇO DE TIC,Substituir o contrato 117/2021 (vigência até 11/11/2024) / Implantação da unidade Galpão SBPA,Juliana,,8666,data inicial não fornecida!,Informar última data de vigência,60,informar data de assinatura original,129/2024,
52,E-2024/2279401,PAE 4,2024,2279401,Interna,SEAF,Não,Em tramitação interna,DCO,29/07/2024,julho,2024,CT 003/2024,NOVO,TRUE,12,,,informar data inicial,Em processo de renovação,SERVIÇO DE TIC,,Rocivaldo,,8666,data inicial não fornecida!,Informar última data de vigência,60,informar data de assinatura original,,
53,2024/303364,PAE 3,2024,303364,Externa,PC,Não,Para execução,DNN,24/05/2024,maio,2024,CT 117/2021,2TAC,TRUE,12,,,informar data inicial,vigente,SERVIÇO TIC,DELEGACIA DE ITAITUBA,Pedro Paulo,,8666,data inicial não fornecida!,Informar última data de vigência,60,informar data de assinatura original,Incluir em proposta de aditivo,
54,2024/320155,PAE 3,2024,320155,Externa,CINBESA,Não,Serviços suspensos,DNN,05/06/2024,junho,2024,S/N,NOVO,TRUE,12,,,informar data inicial,vigente,INTERNET,"Enviados três orçamentos, cliente escolheu 600Mbps, periodo de degustação de 30 dias, envio de proposta comercial / Cliente manifestou-se insatisfeito com o serviço em 29/05/ Cliente não quis manter o serviço",Juliana,,8666,data inicial não fornecida!,Informar última data de vigência,60,informar data de assinatura original,143/2024,2024020444
55,2024/419775,PAE 3,2024,419775,Externa,PC,Não,Finalizado,CLIENTE,24/05/2024,maio,2024,CT 117/2021,2TAC,TRUE,12,,,informar data inicial,vigente,SERVIÇO TIC,CASA DA MULHER BRASILEIRA,Pedro Paulo,,8666,data inicial não fornecida!,Informar última data de vigência,60,informar data de assinatura original,Incluir em proposta de aditivo,
56,2024/440134,PAE 3,2024,440134,Externa,FCP,Não,Não atendido,DCO,14/05/2024,maio,2024,NÃO SE APLICA,NÃO SE APLICA,TRUE,,,,informar data inicial,vigente,ATENDIMENTO URGENCIA,Cliente informou não ser mais necessário o serviço que não foi atendido em tempo hábil,Pedro Paulo,"R$ 45.426,00",8666,data inicial não fornecida!,Informar última data de vigência,60,informar data de assinatura original,Não houve proposta,
57,2024/599399,PAE 3,2024,599399,Interna,SEDEME,Não,Em tramitação interna,DSE,24/05/2024,maio,2024,S/N,NOVO,TRUE,,,,informar data inicial,Em processo de renovação,DESENVOLVIMENTO DE SISTEMA,Aguardando proposta técnica de desenvolvimento,Pedro Paulo,,8666,data inicial não fornecida!,Informar última data de vigência,60,informar data de assinatura original,,2024018825
58,2024/620331,PAE 3,2024,620331,Externa,ARCON,Não,Para execução,DNN,24/05/2024,maio,2024,CT 009/2020 / CT 010/2020,-,TRUE,,,,informar data inicial,vigente,IMPRESSÃO DE CARTEIRAS DE MEIA PASSAGEM E DE DEFICIENTES,ARTRAN irá assumir os serviços / AJUR informou que é possível a subrrogação e o analista deve entrar em contato para solicitar o aditivo do cliente ARTRAN. O mesmo se aplica aos contratos,Jesus,,8666,data inicial não fornecida!,Informar última data de vigência,60,informar data de assinatura original,,
59,2024/766283,PAE 3,2024,766283,Externa,FASEPA,Não,Finalizado,CLIENTE,02/09/2024,setembro,2024,CT 020/2020,NÃO SE APLICA,TRUE,,,,informar data inicial,vigente,SERVIÇO DE TIC,Envio de dois orçamentos: Aumento de banda da sede (30 para100Mbps) e inclusão da unidade CAS II (Icoaraci),Juliana,,8666,data inicial não fornecida!,Informar última data de vigência,60,informar data de assinatura original,,2024026877
60,2024/771124,PAE 3,2024,771124,Externa,ARCON,Não,Em análise comercial,DCO,,,,,,TRUE,,,,informar data inicial,vigente,,,Jesus,,8666,data inicial não fornecida!,Informar última data de vigência,60,informar data de assinatura original,,
61,2024/814127,PAE 3,2024,814127,Interna,DETRAN,Não,Aguardando correção do contrato pelo cliente,CLIENTE,30/07/2024,julho,2024,NOVO CONTRATO,NOVO,TRUE,,,,informar data inicial,vigente,SERVIÇO DE TIC,Não veio anexo ao ofício a relação das unidades novas (CIRETRANS) e para remanejamento,Pedro Paulo,,8666,data inicial não fornecida!,Informar última data de vigência,60,informar data de assinatura original,,
62,2022/719335,PAE 3,2022,719335,Interna,FSCMPA,Não,Enviado ao cliente para assinatura,CLIENTE,26/08/2024,agosto,2024,CT 171/2022,2TAC,TRUE,,,,informar data inicial,vigente,SERVIÇO DE TIC,Aguardando assinatura do despacho pelo gerente e tramitação para GNE,Juliana,,8666,data inicial não fornecida!,Informar última data de vigência,60,informar data de assinatura original,,
63,2020/587326,PAE 3,2020,587326,Interna,COREN,Sim,Para execução,DNN,27/08/2024,agosto,2024,CT 004/2020,4TAC,TRUE,,,,informar data inicial,vigente,EMAIL / DOMÍNIO,,Regina,,8666,data inicial não fornecida!,Informar última data de vigência,60,informar data de assinatura original,190/2024,
64,2024/828364,PAE 3,2024,828364,Externa,ARCON,Sim,Em tramitação interna,DCO,09/08/2024,agosto,2024,CT 008/2021,3TAC,TRUE,,,,informar data inicial,Em processo de renovação,SERVIÇO DE TIC,PAE INTERNO 2021/1118418,Jesus,,8666,data inicial não fornecida!,Informar última data de vigência,60,informar data de assinatura original,,
65,2021/1118418,PAE 3,2021,1118418,Interna,ARCON,Sim,Para execução,DNN,02/09/20204,setembro,20204,CT 008/2021,3TAC,TRUE,,,,informar data inicial,vigente,SERVIÇO DE TIC,PAE EXTERNO 2024/828364 / AJU tramitou em 19/08 para o gabinete,Jesus,,8666,data inicial não fornecida!,Informar última data de vigência,60,informar data de assinatura original,,
66,E-2024/2242461,PAE 4,2024,2242461,Interna,PM DOM ELISEU,Sim,Para execução,DNN,20/08/2024,agosto,2024,CT 001/2024,NOVO,TRUE,,,,informar data inicial,vigente,Licença de uso de sistema - ID CIVIL,Já foi feito pagamento parcial (cobrar somente a diferença),Alvaro,,8666,data inicial não fornecida!,Informar última data de vigência,60,informar data de assinatura original,,
67,2021/915700,PAE 3,2021,915700,Interna,PM ANAJÁS,Não,Para execução,DNN,16/10/2024,outubro,2024,CT 100/2021,3TAC,TRUE,,,,informar data inicial,vigente,Licença de uso de sistema - ID CIVIL,Problemas na assinatura do cliente,Regina,,8666,data inicial não fornecida!,Informar última data de vigência,60,informar data de assinatura original,,
68,E-2024/2301357,PAE 4,2024,2301357,Interna,PM TERRA SANTA,Não,Para execução,DNN,26/08/2024,agosto,2024,CT 203/2024,NOVO,TRUE,,,,informar data inicial,vigente,Licença de uso de sistema - ID CIVIL,,Alvaro,,8666,data inicial não fornecida!,Informar última data de vigência,60,informar data de assinatura original,,
69,E-2023/2206827,PAE 4,2023,2206827,Interna,PM VISEU,Não,Para execução,DNN,02/09/2024,setembro,2024,CT 404/2023,1TAC,TRUE,,,,informar data inicial,vigente,Licença de uso de sistema - ID CIVIL,,Alvaro,,8666,data inicial não fornecida!,Informar última data de vigência,60,informar data de assinatura original,,
70,E-2024/2266408,PAE 4,2024,2266408,Interna,PM JURITI,Não,Para execução,DNN,21/08/2024,agosto,2024,CT 001/2024,NOVO,TRUE,,,,informar data inicial,vigente,Licença de uso de sistema - ID CIVIL,,Alvaro,,8666,data inicial não fornecida!,Informar última data de vigência,60,informar data de assinatura original,185/2024,
71,E-2024/2181752,PAE 4,2024,2181752,Interna,ARCON,Não,Arquivado,DCO,13/09/2024,setembro,2024,SEM CONTRATO,NÃO SE APLICA,TRUE,,,,informar data inicial,vigente,SISTEMA ESPECÍFICO - SIET,Cliente não deu retorno,Jesus,Sem retorno do cliente,8666,data inicial não fornecida!,Informar última data de vigência,60,informar data de assinatura original,,
72,E-2023/2224783,PAE 4,2023,2224783,Interna,FMS MEDICILANDIA,Não,Para execução,DNN,20/08/2024,agosto,2024,20230301,1TAC,TRUE,,,,informar data inicial,vigente,INTERNET,,Regina,,8666,data inicial não fornecida!,Informar última data de vigência,60,informar data de assinatura original,,
73,E-2023/2221953,PAE 4,2023,2221953,Interna,PM MEDICILANDIA,Não,Para execução,DNN,16/09/2024,setembro,2024,20230300,1TAC,TRUE,,,,informar data inicial,vigente,INTERNET / IP NAT,,Regina,,8666,data inicial não fornecida!,Informar última data de vigência,60,informar data de assinatura original,,
74,E-2023/2224781,PAE 4,2023,2224781,Interna,FME MEDICILANDIA,Não,Para execução,DNN,16/09/2024,setembro,2024,20230302,1TAC,TRUE,,,,informar data inicial,vigente,INTERNET,,Regina,,8666,data inicial não fornecida!,Informar última data de vigência,60,informar data de assinatura original,,
75,E-2024/2275934,PAE 4,2024,2275934,Interna,PM AUGUSTO CORREA,Não,Para execução,DNN,21/08/2024,agosto,2024,20240621,NOVO CONTRATO,TRUE,,,,informar data inicial,vigente,Licença de uso de sistema - ID CIVIL,,Regina,,8666,data inicial não fornecida!,Informar última data de vigência,60,informar data de assinatura original,,
76,E-2024/2257966,PAE 4,2024,2257966,Interna,SEMU,Não,Para execução,DNN,22/08/2024,agosto,2024,,NOVO CONTRATO,,,,,informar data inicial,vigente,SERVIÇO DE TIC,,Juliana,,8666,data inicial não fornecida!,Informar última data de vigência,60,informar data de assinatura original,,
77,2020/749193,PAE 3,2020,749193,Interna,PM ALENQUER,Não,Para execução,DNN,02/09/2024,setembro,2024,109/2020,4TAC,,,,,informar data inicial,vigente,Licença de uso de sistema - ID CIVIL,,Regina,,8666,data inicial não fornecida!,Informar última data de vigência,60,informar data de assinatura original,,
78,2022/876378,PAE 3,2022,876378,Interna,CODEC,Não,Para execução,DNN,02/09/2024,setembro,2024,CT 014/2022,2TAC,,,,,informar data inicial,vigente,INTERNET / LINK DE DADOS/ LICENÇA DE USO DE SISTEMAS GLOBAIS / HOSPEDAGEM DE WEBSITE,,Regina,,8666,data inicial não fornecida!,Informar última data de vigência,60,informar data de assinatura original,212/2024,
79,2021/1391571,PAE 3,2021,1391571,Interna,CODEC,Não,Arquivado,DCO,05/12/2023,dezembro,2023,CT 025/2021,3TAC,,,,,informar data inicial,vigente,CONTAS DE EMAIL/ VIRTUALIZAÇÃO,,Regina,,8666,data inicial não fornecida!,Informar última data de vigência,60,informar data de assinatura original,,
80,2022/1181586,PAE 3,2022,1181586,Interna,PM PORTEL,Sim,Arquivado,DCO,,,,02090101/2022,1TAC,,,,,informar data inicial,vigente,Licença de uso de sistema - ID CIVIL,Não será renovado,Regina,,8666,data inicial não fornecida!,Informar última data de vigência,60,informar data de assinatura original,,
81,E-2023/2273583,PAE 4,2023,2273583,Interna,COREN,Não,Para execução,DNN,29/10/20024,outubro,20024,009/2023,2TAC,,,,,informar data inicial,vigente,PRORROGAÇÃO E REAJUSTE,,Regina,,8666,data inicial não fornecida!,Informar última data de vigência,60,informar data de assinatura original,134/2024,
82,2022/1547141,PAE 3,2022,1547141,Interna,PM PARAGOMINAS,Não,Em negociação,CLIENTE,,,,CT 1689/2022,1TAC,,,,,informar data inicial,vigente,Licença de uso de sistema - ID CIVIL,,Regina,,8666,data inicial não fornecida!,Informar última data de vigência,60,informar data de assinatura original,233/2024,
83,2021/975599,PAE 3,2021,975599,Interna,PM BANNACH,Sim,Para execução,DNN,18/09/2024,setembro,2024,CT 084/2021,1TAC,,,,,informar data inicial,vigente,Licença de uso de sistema - ID CIVIL,,Regina,,8666,data inicial não fornecida!,Informar última data de vigência,60,informar data de assinatura original,,
84,2022/704805,PAE 3,2022,704805,Interna,SEBRAE,Não,Para execução,DNN,02/09/2024,setembro,2024,CT 079/2022,1TAP,,,,,informar data inicial,vigente,SERVIÇO DE TIC,,Juliana,,8666,data inicial não fornecida!,Informar última data de vigência,60,informar data de assinatura original,,
85,2022/1221644,PAE 3,2022,1221644,Interna,SEJU,Sim,Enviado ao cliente para assinatura,CLIENTE,03/09/2024,setembro,2024,CT 018/2022,3TAC,,,,,informar data inicial,vigente,SERVIÇO DE TIC,,Rocivaldo,,8666,data inicial não fornecida!,Informar última data de vigência,60,informar data de assinatura original,,
86,2021/915078,PAE 3,2021,915078,Interna,SETUR,Sim,Em tramitação interna,AJU,03/09/2024,setembro,2024,CT 004/2021,3TAC,TRUE,,,,informar data inicial,Em processo de renovação,SERVIÇO DE TIC,,Pedro Paulo,,8666,data inicial não fornecida!,Informar última data de vigência,60,informar data de assinatura original,,
87,2022/1270788,PAE 3,2022,1270788,Interna,PM XINGUARA,Não,Enviado ao cliente para assinatura,CLIENTE,10/09/2024,setembro,2024,CT 231/2022,2TAC,TRUE,,,,informar data inicial,vigente,Licença de uso de sistema - ID CIVIL,,Regina,,8666,data inicial não fornecida!,Informar última data de vigência,60,informar data de assinatura original,,
88,E-2023/2220123,PAE 4,2023,2220123,Interna,GASPARÁ,Sim,Para execução,DNN,18/09/2024,setembro,2024,CT 017/2024,1TAC,TRUE,,,,informar data inicial,vigente,MICROFILMAGEM E DIGITALIZAÇÃO,,Juliana,,8666,data inicial não fornecida!,Informar última data de vigência,60,informar data de assinatura original,,
89,2022/1127901,PAE 3,2022,1127901,Interna,PM NOVO PROGRESSO,Não,Para execução,DNN,08/10/2024,outubro,2024,CT 3108001/2022,2TAC,TRUE,,,,informar data inicial,vigente,Licença de uso de sistema - ID CIVIL,,Regina,,8666,data inicial não fornecida!,Informar última data de vigência,60,informar data de assinatura original,,
90,2022/1229522,PAE 3,2022,1229522,Interna,PM ORIXIMINÁ,Não,Para execução,DNN,17/10/2024,outubro,2024,CT 212/2022,3TAC,TRUE,,,,informar data inicial,vigente,Licença de uso de sistema - ID CIVIL,Em processo de assinatura do 3ºTAC com finalidade de aplicar o reajuste,Regina,,8666,data inicial não fornecida!,Informar última data de vigência,60,informar data de assinatura original,,
91,E-2023/2265922,PAE 4,2023,2265922,Interna,PM SANTA IZABEL,Não,Enviado ao cliente para assinatura,CLIENTE,25/09/2024,setembro,2024,,,TRUE,,,,informar data inicial,vigente,Licença de uso de sistema - ID CIVIL,,Regina,,8666,data inicial não fornecida!,Informar última data de vigência,60,informar data de assinatura original,,
92,2022/1177023,PAE 3,2022,1177023,Interna,MPC,Sim,Para execução,DNN,04/10/2024,outubro,2024,CT019/2022,2TAC,TRUE,,,,informar data inicial,vigente,SERVIÇO DE TIC,,Pedro Paulo,,8666,data inicial não fornecida!,Informar última data de vigência,60,informar data de assinatura original,,
93,E-2024/2357163,PAE 4,2024,2357163,Interna,COHAB,Não,Para execução,DNN,25/09/2024,setembro,2024,CT 16/2024,NOVO,TRUE,,,,informar data inicial,vigente,SERVIÇO DE TIC,,Pedro Paulo,,8666,data inicial não fornecida!,Informar última data de vigência,60,informar data de assinatura original,165/2024,
94,E-2024/2336704,PAE 4,2024,2336704,Interna,CGE,Sim,Enviado ao cliente para assinatura,CLIENTE,27/09/2024,setembro,2024,003/2024,NOVO,TRUE,,,,informar data inicial,vigente,SERVIÇO DE TIC,,Pedro Paulo,,8666,data inicial não fornecida!,Informar última data de vigência,60,informar data de assinatura original,,
95,E-2024/2336741,PAE 4,2024,2336741,Interna,PM PORTEL,Sim,Para execução,DNN,30/09/2024,setembro,2024,CT ,NOVO,TRUE,,,,informar data inicial,vigente,Licença de uso de sistema - ID CIVIL,,Regina,,8666,data inicial não fornecida!,Informar última data de vigência,60,informar data de assinatura original,213/2024,
96,E-2024/2361922,PAE 4,2024,2361922,Interna,PM SENADOR JOSÉ PORFÍRIO,Não,Para execução,DNN,28/10/2024,outubro,2024,0240/2024,NOVO,TRUE,,,,informar data inicial,vigente,Licença de uso de sistema - ID CIVIL,,Regina,,8666,data inicial não fornecida!,Informar última data de vigência,60,informar data de assinatura original,241/2024,
97,2021/225380,PAE 3,2021,225380,Interna,PM ABEL FIGUEIREDO,Não,Rescindido,DCO,25/09/2024,setembro,2024,028/2021,2TAC,TRUE,,25/02/2024,,informar data inicial,vigente,Licença de uso de sistema - ID CIVIL,"Será subsituído, contrato não renovado",Regina,Não renovado,8666,data inicial não fornecida!,Informar última data de vigência,60,não pode renovar,007/2024,
98,E-2024/2369331,PAE 4,2024,2369331,Interna,PM ABEL FIGUEIREDO,Não,Para execução,DNN,15/10/2024,outubro,2024,163/2024,NOVO,TRUE,,17/09/2024,,informar data inicial,vigente,Licença de uso de sistema - ID CIVIL,Novo contrato,Regina,,8666,data inicial não fornecida!,Informar última data de vigência,60,não pode renovar,,
99,E-2024/2360269,PAE 4,2024,2360269,Interna,ARTRAN,Sim,Para execução,DNN,08/10/2024,outubro,2024,024/2024,NOVO,TRUE,,,,informar data inicial,vigente,VIRTUALIZAÇÃO,,Rocivaldo,,8666,data inicial não fornecida!,Informar última data de vigência,60,informar data de assinatura original,,
100,E-2024/2372940,PAE 4,2024,2372940,Interna,SECULT,Não,Em tramitação interna,DRI,27/09/2024,setembro,2024,017/2024,NOVO,TRUE,,,,informar data inicial,Em processo de renovação,SERVIÇO DE TIC,,Juliana,,8666,data inicial não fornecida!,Informar última data de vigência,60,informar data de assinatura original,,
101,E-2023/2265974,PAE 4,2023,2265974,Interna,CM MONTE ALEGRE,Sim,Para execução,DNN,30/09/2024,setembro,2024,023/2023,1TAC,TRUE,,11/10/2023,,informar data inicial,vigente,Licença de uso de sistema - ID CIVIL,,Regina,,8666,data inicial não fornecida!,Informar última data de vigência,60,não pode renovar,,
102,2021/1174476,PAE 3,2021,1174476,Interna,FMS PARAGOMINAS,Não,Para execução,DNN,21/10/2024,outubro,2024,1241/2021,4TAC,TRUE,,,,informar data inicial,vigente,INTERNET,,Regina,,8666,data inicial não fornecida!,Informar última data de vigência,60,informar data de assinatura original,229/2024,
103,2020/941643,PAE 3,2020,941643,Interna,CM BELÉM,Não,Para execução,DNN,08/10/2024,outubro,2024,001/2020,4TAC,TRUE,,,,informar data inicial,vigente,CONTAS DE EMAIL,,Regina,,8666,data inicial não fornecida!,Informar última data de vigência,60,informar data de assinatura original,,
104,2022/323711,PAE 3,2022,323711,Interna,CM BELÉM,Não,Para execução,DNN,08/10/2024,outubro,2024,002/2020,3TAC,TRUE,,,,informar data inicial,vigente,Licença de uso de sistema - ID CIVIL,,Regina,,8666,data inicial não fornecida!,Informar última data de vigência,60,informar data de assinatura original,,
105,2021/1336776,PAE 3,2021,1336776,Interna,PC,Sim,Manifestação de interesse,DNN,08/10/2024,outubro,2024,121/2021,3TAC,TRUE,,,,informar data inicial,vigente,,,Pedro Paulo,,8666,data inicial não fornecida!,Informar última data de vigência,60,informar data de assinatura original,,
106,E-2024/2205739,PAE 4,2024,2205739,Interna,CEASA,Sim,Para execução,DNN,08/10/2024,outubro,2024,003/2024,NOVO,TRUE,,11/06/2024,,informar data inicial,vigente,DESENVOLVIMENTO DE SITE,,Pedro Paulo,,8666,data inicial não fornecida!,Informar última data de vigência,60,não pode renovar,,
107,2024/1153813,PAE 3,2024,1153813,Externa,SEAP,Sim,Enviado ao cliente para assinatura,CLIENTE,04/11/2024,novembro,2024,088/2022,2TAC,TRUE,,,,informar data inicial,vigente,,,Pedro Paulo,,8666,data inicial não fornecida!,Informar última data de vigência,60,informar data de assinatura original,,
108,E-2024/2396566,PAE 4,2024,2396566,Interna,FMAS RONDONDOPARÁ,Sim,Para execução,DNN,15/10/2024,outubro,2024,416/2024,NOVO,TRUE,,,,informar data inicial,vigente,,,Regina,,8666,data inicial não fornecida!,Informar última data de vigência,60,informar data de assinatura original,218/2024,
109,2020/560329,PAE 3,2020,560329,Interna,PARAPAZ,Sim,Para execução,DNN,15/10/2024,outubro,2024,019/2020,2TAC,TRUE,,,,informar data inicial,vigente,,,Pedro Paulo,,8666,data inicial não fornecida!,Informar última data de vigência,60,informar data de assinatura original,168/2024,
110,2021/1107256,PAE 3,2021,1107256,Interna,SEFA,Não,Para execução,DNN,29/10/2024,outubro,2024,096/2021,3TAC,TRUE,,,,informar data inicial,vigente,SERVIÇO DE TIC,Em análise comercial,Rocivaldo,,8666,data inicial não fornecida!,Informar última data de vigência,60,informar data de assinatura original,230/2024,
111,2024/764461,PAE 3,2024,764461,Interna,SECULT,Não,Rescindido,DNN,16/10/2024,outubro,2024,,,TRUE,,,,informar data inicial,vigente,SERVIÇO DE TIC,,Juliana,,8666,data inicial não fornecida!,Informar última data de vigência,60,informar data de assinatura original,,
112,2021/1005824,PAE 3,2021,1005824,Interna,CM CACHOEIRA DO PIRIA,Sim,Aguardando correção do contrato pelo cliente,DCO,17/10/2024,outubro,2024,CT 3308001/2021,3TAC,TRUE,,,,informar data inicial,vigente,Licença de uso de sistema - ID CIVIL,,Regina,,8666,data inicial não fornecida!,Informar última data de vigência,60,informar data de assinatura original,,
113,2022/1349509,PAE 3,2022,1349509,Interna,PM SÃO SEBASTIÃO DA BOA VISTA,Sim,Para execução,DNN,29/10/2024,outubro,2024,CT 167/2022,2TAC,TRUE,,,18/10/2024,18/10/2024,vencido,Licença de uso de sistema - ID CIVIL,,Regina,,8666,1497,vencido,60,informar data de assinatura original,236/2024,2024038407
114,E-2024/2231399,PAE 4,2024,2231399,Interna,SEPLAD,Não,Arquivado,DCO,17/10/2024,outubro,2024,NOVO CONTRATO,NOVO,TRUE,,,,informar data inicial,vigente,,Cliente não deu retorno,Rocivaldo,,8666,data inicial não fornecida!,Informar última data de vigência,60,informar data de assinatura original,,
115,2022/1327519,PAE 3,2022,1327519,Interna,PM SAPUCAIA,Não,Para execução,DNN,29/10/2024,outubro,2024,CT 005/2022,2TAC,TRUE,,,,informar data inicial,vigente,,,Regina,,8666,data inicial não fornecida!,Informar última data de vigência,60,informar data de assinatura original,,
116,2021/1031973,PAE 3,2021,1031973,Interna,FMAS SALINÓPOLIS,Sim,Para execução,DNN,17/10/2024,outubro,2024,CT 432/2021,3TAC,TRUE,,,,informar data inicial,vigente,,,Regina,,8666,data inicial não fornecida!,Informar última data de vigência,60,informar data de assinatura original,221/2024,2024036985
117,2021/1038052,PAE 3,2021,1038052,Interna,FMAS BREVES,Não,Para execução,DNN,16/10/2024,outubro,2024,CT 1133/2021,1TAC,TRUE,,,,informar data inicial,vigente,,,Regina,,8666,data inicial não fornecida!,Informar última data de vigência,60,informar data de assinatura original,,
118,E-2023/2250713,PAE 4,2023,2250713,Interna,PM ITUPIRANGA,Não,Para execução,DNN,,,,,,TRUE,,,,informar data inicial,vigente,Licença de uso de sistema - ID CIVIL,,Regina,,8666,data inicial não fornecida!,Informar última data de vigência,60,informar data de assinatura original,,
119,2021/1231811,PAE 3,2021,1231811,Interna,FMAS PALESTINA DO PARÁ,Não,Para execução,DNN,30/10/2024,outubro,2024,CT 064/2021,3TAC,TRUE,,,26/10/2024,26/10/2024,vencido,Licença de uso de sistema - ID CIVIL,,Regina,,8666,1497,vencido,60,informar data de assinatura original,,
120,E-2023/2271488,PAE 4,2023,2271488,Interna,SECTET,Não,Em tramitação interna,DRI,,,,CT009/2023,,TRUE,,,,informar data inicial,Em processo de renovação,,,Rocivaldo,,8666,data inicial não fornecida!,Informar última data de vigência,60,informar data de assinatura original,,
121,2023/94381,PAE 3,2023,94381,Interna,SECTET,Não,Arquivado,DCO,,,,CT 001/2023,,TRUE,,,,informar data inicial,vigente,,,Rocivaldo,,8666,data inicial não fornecida!,Informar última data de vigência,60,informar data de assinatura original,,
122,2022/1290472,PAE 3,2022,1290472,Interna,PM OURILANDIA DO NORTE,Não,Para execução,DNN,18/10/2024,outubro,2024,,,TRUE,,,,informar data inicial,vigente,Licença de uso de sistema - ID CIVIL,,Regina,,8666,data inicial não fornecida!,Informar última data de vigência,60,informar data de assinatura original,,
123,E-2024/2250885,PAE 4,2024,2250885,Interna,PM PLACAS,Não,Para execução,DNN,30/12/2024,dezembro,2024,CT 179/2024,1TAC,TRUE,6,01/07/2024,01/01/2025,01/07/2025,vigente,INTERNET,Prorrogação por 6 meses,Regina,"R$ 37.920,00",14133,12,115,120,pode renovar,346/2024,
124,2022/4963,PAE 3,2022,4963,Interna,HEMOPA,Sim,Arquivado,DCO,,,,,,TRUE,,,,informar data inicial,vigente,,,Juliana,,8666,data inicial não fornecida!,Informar última data de vigência,60,informar data de assinatura original,,
125,2023/746191,PAE 3,2023,746191,Interna,PM SANTO ANTONIO DO TAUÁ,Não,Para execução,DNN,,,,CT 2706001/2023,,TRUE,,,30/12/2023,30/12/2023,vencido,Licença de uso de sistema - ID CIVIL,,Regina,,8666,1488,vencido,60,informar data de assinatura original,,
126,E-2024/2393629,PAE 4,2024,2393629,Interna,ARTRAN,Não,Para execução,DNN,23/10/2024,outubro,2024,CT 025/2024,NOVO,TRUE,,10/10/2024,10/10/2024,10/10/2024,vencido,IMPRESSÃO DE CARTEIRAS - DEFICIENTES,,Rocivaldo,,8666,0,vencido,60,pode renovar,191/2024,
127,E-2024/2398117,PAE 4,2024,2398117,Interna,ARTRAN,Não,Para execução,DNN,23/10/20244,outubro,20244,CT 026/2024,NOVO,TRUE,,21/10/2024,21/10/2024,21/10/2024,vencido,IMPRESSÃO DE CARTEIRAS - INTERMUNICIPAIS,,Rocivaldo,,8666,0,vencido,60,pode renovar,192/2024,
128,2021/1224716,PAE 3,2021,1224716,Interna,IGEPPS,Não,Para execução,DNN,08/11/2024,novembro,2024,CT 049/2021,3TAC,FALSE,,,,informar data inicial,vigente,,,Juliana,,8666,data inicial não fornecida!,Informar última data de vigência,60,informar data de assinatura original,,
129,2024/1272648,PAE 3,2024,1272648,Externa,FASEPA,Sim,Enviado ao cliente para assinatura,DCO,24/10/2024,outubro,2024,CT 020/2020,4TAC,FALSE,,,,informar data inicial,vigente,SERVIÇO DE TIC,,Juliana,,8666,data inicial não fornecida!,Informar última data de vigência,60,informar data de assinatura original,294/2024,
130,2020/997653,PAE 3,2020,997653,Interna,COSANPA,Não,Em tramitação interna,DNN,29/10/2024,outubro,2024,CT 053/2020,,FALSE,,,,informar data inicial,Em processo de renovação,,,Pedro Paulo,,8666,data inicial não fornecida!,Informar última data de vigência,60,informar data de assinatura original,,
131,E-2024/2430085,PAE 4,2024,2430085,Interna,FMAS CANAÃ DOS CARAJÁS,Não,Em tramitação interna,AJU,06/11/2024,novembro,2024,CT 1358/2024,NOVO,TRUE,,,,informar data inicial,Em processo de renovação,Licença de uso de sistema - ID CIVIL,,Regina,,8666,data inicial não fornecida!,Informar última data de vigência,60,informar data de assinatura original,,
132,E-2024/2436102,PAE 4,2024,2436102,Interna,SEAP,Sim,Para execução,DNN,06/11/2024,novembro,2024,CT 038/2024,NOVO,TRUE,,,,informar data inicial,vigente,"Implantação, Link de dados e Internet",,Pedro Paulo,,8666,data inicial não fornecida!,Informar última data de vigência,60,informar data de assinatura original,,
133,2020/1103005,PAE 3,2020,1103005,Interna,IGEPPS,Não,Para execução,DNN,30/12/2024,dezembro,2024,CT 037/2020,4TAC,TRUE,,08/12/2020,08/12/2024,08/12/2024,vencido,"Link de dados (fibra), Internet",,Juliana,"R$ 43.508,88",8666,48,vencido,60,pode renovar,293/2024,
134,2022/1342630,PAE 3,2022,1342630,Interna,PM ALMEIRIM,Não,Aguardando assinatura E-CNPJ,DCO,19/11/2024,novembro,2024,CT 1018001/2022,2TAC,TRUE,,,,informar data inicial,vigente,Licença de uso de sistema - ID CIVIL,,Regina,"R$ 9.961,74",8666,data inicial não fornecida!,Informar última data de vigência,60,informar data de assinatura original,238/2024,
135,2020/989100,PAE 3,2020,989100,Interna,CPH,Sim,Em tramitação interna,AJU,19/11/2024,novembro,2024,CT 017/2020,4TAC,TRUE,,22/11/2020,,informar data inicial,Em processo de renovação,"Link de dados (fibra), Internet",,Pedro Paulo,,8666,data inicial não fornecida!,Informar última data de vigência,60,não pode renovar,,
136,E-2024/2452553,PAE 4,2024,2452553,Interna,NGPR,Sim,Em tramitação interna,DNN,19/11/2024,novembro,2024,,,TRUE,,,,informar data inicial,Em processo de renovação,"Link de dados (fibra), Internet",,Juliana,,8666,data inicial não fornecida!,Informar última data de vigência,60,informar data de assinatura original,,
137,,PAE 3,,,Interna,PM BENEVIDES,,,,,,,,,TRUE,,,,informar data inicial,vigente,,,Regina,,8666,data inicial não fornecida!,Informar última data de vigência,60,informar data de assinatura original,,
138,E-2024/2442972,PAE 4,2024,2442972,Interna,CM CASTANHAL,Não,Para execução,DNN,04/12/2024,dezembro,2024,CT 013/2024,NOVO,TRUE,12,11/11/2024,11/11/2024,11/11/2025,vigente,Licença de uso de sistema - ID CIVIL,,Alvaro,"R$ 7.705,52",8666,12,248,60,pode renovar,278/2024,
139,E-2023/2330039,PAE 4,2023,2330039,Interna,FUNSAU,Sim,Para execução,DNN,07/03/2024,março,2024,009/2023,1TAC,FALSE,12,19/12/2023,20/12/2024,19/12/2025,vigente,HOSPEDAGEM DE SITE,,Pedro Paulo,"R$ 7.864,44",8666,24,286,60,pode renovar,296/2024,2025006411
140,E-2024/2525509,PAE 4,2024,2525509,Interna,TCE,Sim,Para execução,DNN,06/12/2024,dezembro,2024,CT 039/2024,NOVO,TRUE,12,12/12/2024,12/12/2024,12/12/2025,vigente,MICROFILMAGEM E DIGITALIZAÇÃO,,Rocivaldo,"R$ 12.518,91",8666,12,279,60,pode renovar,260/2024,
141,2021/1340799,PAE 3,2021,1340799,Interna,CM PRAINHA,Não,Em tramitação interna,DRI,06/12/2024,dezembro,2024,CT 009/2021,3TAC,TRUE,,,,informar data inicial,Em processo de renovação,Licença de uso de sistema - ID CIVIL,,Alvaro,,8666,data inicial não fornecida!,Informar última data de vigência,60,informar data de assinatura original,251/2024,
142,2022/1590479,PAE 3,2022,1590479,Interna,CEASA,Não,Para execução,DNN,06/12/2024,dezembro,2024,CT 036/2022,2TAC,TRUE,,,,informar data inicial,vigente,SERVIÇO DE TIC,,Pedro Paulo,,8666,data inicial não fornecida!,Informar última data de vigência,60,informar data de assinatura original,268/2024,
143,2022/1240493,PAE 3,2022,1240493,Interna,FMAS PIÇARRA,Sim,Em tramitação interna,DRI,06/12/2024,dezembro,2024,CT 0195/2022,2TAC,TRUE,,,,informar data inicial,Em processo de renovação,Licença de uso de sistema - ID CIVIL,,Regina,,8666,data inicial não fornecida!,Informar última data de vigência,60,informar data de assinatura original,,
144,E-2023/2325952,PAE 4,2023,2325952,Interna,IOEPA,Não,Para execução,DNN,29/11/2024,novembro,2024,CT 045/2023,1TAC,TRUE,,,29/11/2024,29/11/2024,vencido,,,Jesus,"R$ 173.904,24",8666,1498,vencido,60,informar data de assinatura original,279/2024,
145,E-2024/2442910,PAE 4,2024,2442910,Interna,CAU,Não,Para execução,DNN,22/11/2024,novembro,2024,CT 003/2024,NOVO,FALSE,,,,informar data inicial,vigente,INDEXA / MICROFILME ,,Juliana,"R$ 4.116,60",8666,data inicial não fornecida!,Informar última data de vigência,60,informar data de assinatura original,,
146,2021/1464598,PAE 3,2021,1464598,Interna,EMATER,Não,Para execução,DNN,30/12/2024,dezembro,2024,CT 060/2021,3TAC,FALSE,,,,informar data inicial,vigente,SERVIÇO DE TIC,,Juliana,,8666,data inicial não fornecida!,Informar última data de vigência,60,informar data de assinatura original,,
147,2022/1371592,PAE 3,2022,1371592,Interna,TRT,Sim,Em tramitação interna,DNN,,,,,,FALSE,,,,informar data inicial,Em processo de renovação,SERVIÇO DE TIC,,Jesus,,8666,data inicial não fornecida!,Informar última data de vigência,60,informar data de assinatura original,,
148,2022/1617461,PAE 3,2022,1617461,Interna,CODEC-CAZBAR,Não,Para execução,DNN,05/02/2025,fevereiro,2025,CT 02/2022,2TAC,FALSE,,,24/12/2024,23/12/2024,vencido,DOMINIO / HOSPEDAGEM / EMAIL,,Regina,,8666,1499,vencido,60,informar data de assinatura original,,
149,E-2025/2076453,PAE 4,2025,2076453,Interna,IMETROPARA,Sim,Para execução,DNN,06/02/2025,fevereiro,2025,CT 001/2025,NOVO,FALSE,,,30/01/2025,29/01/2025,vencido,SERVIÇO DE TIC,,Jesus,"R$ 197.943,10",8666,1500,vencido,60,informar data de assinatura original,,
150,2022/1602042,PAE 3,2022,1602042,Interna,SEOP,Não,Para execução,DNN,22/01/2025,janeiro,2025,CT 004/2023,2TAC,TRUE,12,,02/01/2025,02/01/2026,vigente,"NAT, BI Web, Hospedagem de website, Internet, Link de dados (fibra), Licença de uso de sistemas globais",,Pedro Paulo,"R$ 368.320,20",8666,1512,300,60,informar data de assinatura original,,
151,2022/143323,PAE 3,2022,143323,Interna,SESPA,Não,Enviado ao cliente para assinatura,DCO,11/02/2025,fevereiro,2025,CT 014/2022,5TAC,FALSE,12,,18/02/2025,17/02/2026,vigente,SERVIÇO DE TIC,,Rocivaldo,"R$ 2.778.075,28",8666,1513,346,60,informar data de assinatura original,,
152,2023/152258,PAE 3,2023,152258,Interna,SEDEME,Não,Para execução,DNN,05/02/2025,fevereiro,2025,CT 001/2023,2TAC,FALSE,12,,03/02/2025,02/02/2026,vigente,Licença de uso de sistemas específicos - outros,Sistema CERM,Pedro Paulo,"R$ 159.576,24",8666,1513,331,60,informar data de assinatura original,029/2023,
153,2021/1306266,PAE 3,2021,1306266,Interna,PC,Não,Para execução,DNN,10/02/2025,fevereiro,2025,CT 117/2021,3TAC,FALSE,12,25/11/2021,25/11/2024,24/11/2025,vigente,SERVIÇO DE TIC,,Pedro Paulo,"R$ 1.887.997,04",8666,47,261,60,pode renovar,283/2024,2025003983
154,E-2023/2315966,PAE 4,2023,2315966,Interna,PARA2000,Sim,Para execução,DNN,10/02/2025,fevereiro,2025,CT 058/2023,1TAC,FALSE,12,01/12/2023,02/12/2024,01/12/2025,vigente,SERVIÇO DE TIC,,Rocivaldo,"R$ 100.432,20",8666,24,268,60,pode renovar,,
155,2022/144408,PAE 3,2022,144408,Interna,PMBARCARENA,Sim,Em tramitação interna,DCO,11/02/2025,fevereiro,2025,CT 124/2022,3TAC,TRUE,12,08/02/2022,10/02/2025,10/02/2026,Em processo de renovação,Licença de uso de sistema - ID CIVIL,AGUARDANDO ASSINATURA DO DESPACHO,Regina,"R$ 5.121,53",8666,48,339,60,pode renovar,002/2025,
156,E-2024/2480692,PAE 4,2024,2480692,Interna,SEIRDH,Não,Finalizado,DCO,,,,CT 003/2024,NOVO,TRUE,12,29/11/2024,29/11/2024,29/11/2025,vigente,SERVIÇO DE TIC,,Rocivaldo,"R$ 106.038,36",8666,12,266,60,pode renovar,,
157,2022/1419591,PAE 3,2022,1419591,Interna,SEAP,Sim,Enviado ao cliente para assinatura,DCO,,,,CT 088/2022,2TAC,TRUE,12,17/11/2022,17/11/2024,17/11/2025,vigente,SERVIÇO DE TIC,"Prorrogação, reajuste de 4,53%, supressão de serviços (link de dados e internet)",Pedro Paulo,"R$ 351.987,96",8666,36,254,60,pode renovar,280/224,2025006067
158,E-2024/2087501,PAE 4,2024,2087501,Interna,PMSDARAGUAIA,Sim,Para execução,DNN,14/02/2025,fevereiro,2025,CT 001/2024,1TAC,TRUE,12,12/03/2025,12/03/2025,12/03/2026,vigente,Licença de uso de sistema - ID CIVIL,,Regina,"R$ 5.873,13",14133,12,369,120,pode renovar,051/2025,
159,2021/33240,PAE 3,2021,33240,Interna,MPCM,Não,Para execução,DNN,12/02/2025,fevereiro,2025,CT 001/2021,4TAC,TRUE,12,04/01/2021,04/01/2025,04/01/2026,vigente,"Licença de uso de sistemas globais, Link de dados (fibra), Internet",,Rocivaldo,"R$ 65.582,52",8666,60,302,60,não pode renovar,333/2024,
160,E-2024/2096604,PAE 4,2024,2096604,Interna,ARTRAN,Sim,Aguardando correção do contrato pelo cliente,DCO,13/02/2025,fevereiro,2025,CT 006/2024,1TAC,TRUE,12,18/02/2024,18/03/2025,18/03/2026,vigente,"Hospedagem de website, Manutenção corretiva - Website","Prorrogação, reajuste de 6,54% (IGP-M DEZ/2024)",Rocivaldo,"R$ 7.447,64",8666,25,375,60,pode renovar,031/2025,
161,2022/155848,PAE 3,2022,155848,Interna,ADEPARÁ,Sim,Em negociação,DCO,13/02/2025,fevereiro,2025,014/2022,1TAC,TRUE,12,18/02/2022,21/02/2023,21/02/2024,vencido,,,Jesus,,8666,24,vencido,60,pode renovar,,
162,E-2025/2186787,PAE 4,2025,2186787,Interna,PM TERRA SANTA,Sim,Em tramitação interna,DRI,13/02/2025,fevereiro,2025,073/2025,NOVO,TRUE,3,06/02/2025,06/02/2025,06/05/2025,Em processo de renovação,Licença de uso de sistemas específicos - outros,Acesso por 3 meses ao sistema SISPROS,Regina,"R$ 10.078,87",14133,3,59,120,pode renovar,033/2025,
163,2022/98219,PAE 3,2022,98219,Interna,MPCM,Sim,Arquivado,DCO,,,,001/2022,2TAC,TRUE,12,17/02/2022,17/02/2024,17/02/2025,vencido,MICROFILMAGEM / DIGITALIZAÇÃO,"Prorrogação, reajuste de 4,62% (IPCA DEZ/2023)",Rocivaldo,"R$ 46.605,20",8666,36,vencido,60,pode renovar,016/2024,
164,E-2025/2175097,PAE 4,2025,2175097,Interna,FMAS IPIXUNA DO PARÁ,Não,Para execução,DCO,12/02/2025,fevereiro,2025,081/2025,NOVO,TRUE,12,06/02/2025,06/02/2025,06/02/2026,vigente,Licença de uso de sistema - ID CIVIL,,Regina,"R$ 6.060,23",14133,12,335,120,pode renovar,035/2025,
165,2023/188544,PAE 3,2023,188544,Interna,CMG,Não,Em tramitação interna,DCO,17/02/2025,fevereiro,2025,004/2023,1TAC,FALSE,12,06/03/2023,06/03/2024,05/03/2025,vencido,Hospedagem de website,"Proposta não contempla reajuste, cliente enviou TAC sem serviço de manutenção e suporte de website",Rocivaldo,"R$ 6.875,16",8666,23,vencido,60,pode renovar,041/2024,
166,2022/149183,PAE 3,2022,149183,Interna,SETUR,Não,Em tramitação interna,GNE,18/02/2025,fevereiro,2025,009/2022,3TAC,FALSE,12,,,informar data inicial,Em processo de renovação,"Microfilmagem, Digitalização, Licença - Indexa","Prorrogação, reajuste de 6,54% (IGP-M DEZ/2023)",Pedro Paulo,"R$ 177.009,20",8666,data inicial não fornecida!,Informar última data de vigência,60,informar data de assinatura original,,
167,E-2024/2054561,PAE 4,2024,2054561,Interna,SECIR,Sim,Arquivado,DNN,19/02/2025,fevereiro,2025,003/2024,1TAC,FALSE,12,16/02/2024,16/02/2025,15/02/2026,vigente,"Contas de Email, Hospedagem de website, BI Web, Desenvolvimento de website, Link de dados (fibra), Internet","Prorrogação, cliente não aceitou reajuste",Pedro Paulo,"R$ 121.657,80",14133,23,344,120,pode renovar,008/2025,
168,E-2024/2032814,PAE 4,2024,2032814,Interna,SECTET,Não,Em tramitação interna,AJU,19/02/2025,fevereiro,2025,007/2024,1TAC,TRUE,12,26/02/2024,26/02/2024,26/02/2025,vencido,"Internet, Link de dados (rádio)",Enviado à AJU para analise e assinatura do presidente ,Rocivaldo,"R$ 2.154.962,35",14133,12,vencido,120,pode renovar,027/2025,
169,E-2025/2221829,PAE 4,2025,2221829,Interna,PM SALVATERRA,Não,Para assinatura,GABINETE,19/02/2025,fevereiro,2025,035/2025,NOVO,FALSE,12,,,informar data inicial,vigente,Licença de uso de sistema - ID CIVIL,Novo contrato,Regina,"R$ 6.060,03",14133,data inicial não fornecida!,Informar última data de vigência,120,informar data de assinatura original,072/2025,
170,E-2025/2164407,PAE 4,2025,2164407,Interna,PM INHANGAPI,Não,Arquivado,DNN,14/02/2025,fevereiro,2025,001/2025,NOVO,FALSE,12,14/02/2025,14/02/2025,13/02/2026,vigente,Licença de uso de sistema - ID CIVIL,Novo contrato,Regina,"R$ 6.060,03",14133,11,342,120,pode renovar,049/2025,
171,2023/125667,PAE 3,2023,125667,Interna,PCE/PA,Não,Em tramitação interna,DNN,17/02/2025,fevereiro,2025,005/2023,3TAC,FALSE,12,13/02/2023,12/02/2025,11/02/2026,Em processo de renovação,"Licença de uso de sistema - ID CIVIL, Contas de Email, BI Web, Licença de uso de sistemas globais, Internet, Link de dados (fibra)",3TAC,Pedro Paulo,"R$ 614.966,88",8666,35,340,60,pode renovar,017/2025,
172,E-2025/2246759,PAE 4,2025,2246759,Interna,PM MOJUÍ DOS CAMPOS,Não,Em tramitação interna,GNE,21/02/2025,fevereiro,2025,011/2025,NOVO,FALSE,12,14/02/2025,14/02/2025,13/02/2026,Em processo de renovação,Licença de uso de sistema - ID CIVIL,Tramitado para a GNE,Regina,"R$ 6.060,03",14133,11,342,120,pode renovar,022/2025,
173,E-2024/2030305,PAE 4,2024,2030305,Interna,SEIRDH,Sim,Enviado ao cliente para assinatura,DCO,27/02/2025,fevereiro,2025,CT 001/2024,1TAC,TRUE,12,27/02/2024,27/02/2025,27/02/2026,vigente,"Desenvolvimento de website, Hospedagem de website",,Rocivaldo,"R$ 8.610,72",14133,24,356,120,pode renovar,028/2025,
174,2021/1442838,PAE 3,2021,1442838,Interna,ALEPA,Sim,Em tramitação interna,DCO,25/02/2025,fevereiro,2025,023/2021,3TAC,TRUE,12,09/07/2021,09/12/2024,09/12/2025,Em processo de renovação,Link de dados (fibra),AGUARDANDO ASSINATURA DO DESPACHO,Pedro Paulo,"R$ 468.814,92",8666,53,276,60,pode renovar,271/2024,2025006157
175,2022/227415,PAE 3,2022,227415,Interna,CM BARCARENA,Sim,Em tramitação interna,DCO,27/02/2025,fevereiro,2025,004/2023,3TAC,TRUE,12,23/02/2022,23/02/2025,23/02/2026,Em processo de renovação,Licença de uso de sistema - ID CIVIL,,Alvaro,"R$ 5.084,30",8666,48,352,60,pode renovar,271/2025,
176,E-2024/2009682,PAE 4,2024,2009682,Externa,PMPA,Não,Para execução,DNN,06/03/2025,março,2025,002/2025,1TAC,TRUE,12,30/01/2024,30/01/2025,30/01/2026,vigente,Licença de uso de sistema - ID CIVIL,,Pedro Paulo,"R$ 1.813.916,94",8666,24,328,60,pode renovar,271/2026,
177,E-2023/2248185,PAE 4,2023,2248185,Interna,SEPI,Não,Para execução,DNN,06/03/2025,março,2025,002/2023,1TAC,FALSE,12,22/11/2023,22/11/2024,21/11/2025,vigente,"NAT, BI Web, Contas de Email, Hospedagem de website, Link de dados (fibra), Internet, Licença de uso de sistemas globais",,Pedro Paulo,"R$ 131.367,00",14133,23,258,120,pode renovar,271/2027,2024044342
178,E-2024/2056620,PAE 4,2024,2056620,Interna,FMS Ipixuna do Pará,Não,Para execução,DNN,06/03/2025,março,2025,081/2025,NOVO,FALSE,12,06/02/2025,06/02/2025,05/02/2026,vigente,Licença de uso de sistema - ID CIVIL,,Regina,"R$ 6.060,03",14133,11,334,120,pode renovar,035/2025,
179,,,,,,,,,,,,,,,FALSE,,,,,,,,,,,,,,,,
180,,,,,,,,,,,,,,,FALSE,,,,,,,,,,,,,,,,
181,,,,,,,,,,,,,,,FALSE,,,,,,,,,,,,,,,,
182,,,,,,,,,,,,,,,FALSE,,,,,,,,,,,,,,,,
183,,,,,,,,,,,,,,,FALSE,,,,,,,,,,,,,,,,
184,,,,,,,,,,,,,,,FALSE,,,,,,,,,,,,,,,,
185,,,,,,,,,,,,,,,FALSE,,,,,,,,,,,,,,,,
186,,,,,,,,,,,,,,,FALSE,,,,,,,,,,,,,,,,
187,,,,,,,,,,,,,,,FALSE,,,,,,,,,,,,,,,,
188,,,,,,,,,,,,,,,FALSE,,,,,,,,,,,,,,,,
189,,,,,,,,,,,,,,,FALSE,,,,,,,,,,,,,,,,
190,,,,,,,,,,,,,,,FALSE,,,,,,,,,,,,,,,,